Respondent,Hobby,OpenSource,Country,Student,Employment,FormalEducation,UndergradMajor,CompanySize,DevType,YearsCoding,YearsCodingProf,JobSatisfaction,CareerSatisfaction,HopeFiveYears,JobSearchStatus,LastNewJob,AssessJob1,AssessJob2,AssessJob3,AssessJob4,AssessJob5,AssessJob6,AssessJob7,AssessJob8,AssessJob9,AssessJob10,AssessBenefits1,AssessBenefits2,AssessBenefits3,AssessBenefits4,AssessBenefits5,AssessBenefits6,AssessBenefits7,AssessBenefits8,AssessBenefits9,AssessBenefits10,AssessBenefits11,JobContactPriorities1,JobContactPriorities2,JobContactPriorities3,JobContactPriorities4,JobContactPriorities5,JobEmailPriorities1,JobEmailPriorities2,JobEmailPriorities3,JobEmailPriorities4,JobEmailPriorities5,JobEmailPriorities6,JobEmailPriorities7,UpdateCV,Currency,Salary,SalaryType,ConvertedSalary,CurrencySymbol,CommunicationTools,TimeFullyProductive,EducationTypes,SelfTaughtTypes,TimeAfterBootcamp,HackathonReasons,AgreeDisagree1,AgreeDisagree2,AgreeDisagree3,LanguageWorkedWith,LanguageDesireNextYear,DatabaseWorkedWith,DatabaseDesireNextYear,PlatformWorkedWith,PlatformDesireNextYear,FrameworkWorkedWith,FrameworkDesireNextYear,IDE,OperatingSystem,NumberMonitors,Methodology,VersionControl,CheckInCode,AdBlocker,AdBlockerDisable,AdBlockerReasons,AdsAgreeDisagree1,AdsAgreeDisagree2,AdsAgreeDisagree3,AdsActions,AdsPriorities1,AdsPriorities2,AdsPriorities3,AdsPriorities4,AdsPriorities5,AdsPriorities6,AdsPriorities7,AIDangerous,AIInteresting,AIResponsible,AIFuture,EthicsChoice,EthicsReport,EthicsResponsible,EthicalImplications,StackOverflowRecommend,StackOverflowVisit,StackOverflowHasAccount,StackOverflowParticipate,StackOverflowJobs,StackOverflowDevStory,StackOverflowJobsRecommend,StackOverflowConsiderMember,HypotheticalTools1,HypotheticalTools2,HypotheticalTools3,HypotheticalTools4,HypotheticalTools5,WakeTime,HoursComputer,HoursOutside,SkipMeals,ErgonomicDevices,Exercise,Gender,SexualOrientation,EducationParents,RaceEthnicity,Age,Dependents,MilitaryUS,SurveyTooLong,SurveyEasy
1,Yes,No,Kenya,No,Employed part-time,"Bachelor’s degree (BA, BS, B.Eng., etc.)",Mathematics or statistics,20 to 99 employees,Full-stack developer,3-5 years,3-5 years,Extremely satisfied,Extremely satisfied,Working as a founder or co-founder of my own company,"I’m not actively looking, but I am open to new opportunities",Less than a year ago,10,7,8,1,2,5,3,4,9,6,NA,NA,NA,NA,NA,NA,NA,NA,NA,NA,NA,3,1,4,2,5,5,6,7,2,1,4,3,My job status or other personal status changed,NA,NA,Monthly,NA,KES,Slack,One to three months,"Taught yourself a new language, framework, or tool without taking a formal course;Participated in a hackathon","The official documentation and/or standards for the technology;A book or e-book from O’Reilly, Apress, or a similar publisher;Questions & answers on Stack Overflow;Online developer communities other than Stack Overflow (ex. forums, listservs, IRC channels, etc.)",NA,To build my professional network,Strongly agree,Strongly agree,Neither Agree nor Disagree,JavaScript;Python;HTML;CSS,JavaScript;Python;HTML;CSS,"Redis;SQL Server;MySQL;PostgreSQL;Amazon RDS/Aurora;Microsoft Azure (Tables, CosmosDB, SQL, etc)","Redis;SQL Server;MySQL;PostgreSQL;Amazon RDS/Aurora;Microsoft Azure (Tables, CosmosDB, SQL, etc)",AWS;Azure;Linux;Firebase,AWS;Azure;Linux;Firebase,Django;React,Django;React,Komodo;Vim;Visual Studio Code,Linux-based,1,Agile;Scrum,Git,Multiple times per day,Yes,No,NA,Strongly agree,Strongly agree,Strongly agree,Saw an online advertisement and then researched it (without clicking on the ad);Stopped going to a website because of their advertising,1,5,4,7,2,6,3,"Artificial intelligence surpassing human intelligence (""the singularity"")",Algorithms making important decisions,The developers or the people creating the AI,I'm excited about the possibilities more than worried about the dangers.,No,"Yes, and publicly",Upper management at the company/organization,Yes,10 (Very Likely),Multiple times per day,Yes,I have never participated in Q&A on Stack Overflow,"No, I knew that Stack Overflow had a jobs board but have never used or visited it",Yes,NA,Yes,Extremely interested,Extremely interested,Extremely interested,Extremely interested,Extremely interested,Between 5:00 - 6:00 AM,9 - 12 hours,1 - 2 hours,Never,Standing desk,3 - 4 times per week,Male,Straight or heterosexual,"Bachelor’s degree (BA, BS, B.Eng., etc.)",Black or of African descent,25 - 34 years old,Yes,NA,The survey was an appropriate length,Very easy
3,Yes,Yes,United Kingdom,No,Employed full-time,"Bachelor’s degree (BA, BS, B.Eng., etc.)","A natural science (ex. biology, chemistry, physics)","10,000 or more employees",Database administrator;DevOps specialist;Full-stack developer;System administrator,30 or more years,18-20 years,Moderately dissatisfied,Neither satisfied nor dissatisfied,Working in a different or more specialized technical role than the one I'm in now,I am actively looking for a job,More than 4 years ago,1,7,10,8,2,5,4,3,6,9,1,5,3,7,10,4,11,9,6,2,8,3,1,5,2,4,1,3,4,5,2,6,7,I saw an employer’s advertisement,British pounds sterling (£),51000,Yearly,70841,GBP,"Confluence;Office / productivity suite (Microsoft Office, Google Suite, etc.);Slack;Other wiki tool (Github, Google Sites, proprietary software, etc.)",One to three months,"Taught yourself a new language, framework, or tool without taking a formal course;Contributed to open source software",The official documentation and/or standards for the technology;Questions & answers on Stack Overflow,NA,NA,Agree,Agree,Neither Agree nor Disagree,JavaScript;Python;Bash/Shell,Go;Python,Redis;PostgreSQL;Memcached,PostgreSQL,Linux,Linux,Django,React,IPython / Jupyter;Sublime Text;Vim,Linux-based,2,NA,Git;Subversion,A few times per week,Yes,Yes,The website I was visiting asked me to disable it,Somewhat agree,Neither agree nor disagree,Neither agree nor disagree,NA,3,5,1,4,6,7,2,Increasing automation of jobs,Increasing automation of jobs,The developers or the people creating the AI,I'm excited about the possibilities more than worried about the dangers.,Depends on what it is,Depends on what it is,Upper management at the company/organization,Yes,10 (Very Likely),A few times per month or weekly,Yes,A few times per month or weekly,Yes,"No, I have one but it's out of date",7,Yes,A little bit interested,A little bit interested,A little bit interested,A little bit interested,A little bit interested,Between 6:01 - 7:00 AM,5 - 8 hours,30 - 59 minutes,Never,Ergonomic keyboard or mouse,Daily or almost every day,Male,Straight or heterosexual,"Bachelor’s degree (BA, BS, B.Eng., etc.)",White or of European descent,35 - 44 years old,Yes,NA,The survey was an appropriate length,Somewhat easy
4,Yes,Yes,United States,No,Employed full-time,Associate degree,"Computer science, computer engineering, or software engineering",20 to 99 employees,Engineering manager;Full-stack developer,24-26 years,6-8 years,Moderately satisfied,Moderately satisfied,Working as a founder or co-founder of my own company,"I’m not actively looking, but I am open to new opportunities",Less than a year ago,NA,NA,NA,NA,NA,NA,NA,NA,NA,NA,NA,NA,NA,NA,NA,NA,NA,NA,NA,NA,NA,NA,NA,NA,NA,NA,NA,NA,NA,NA,NA,NA,NA,NA,NA,NA,NA,NA,NA,NA,NA,NA,NA,NA,NA,NA,NA,NA,NA,NA,NA,NA,NA,NA,NA,NA,NA,NA,NA,NA,NA,NA,NA,NA,NA,NA,NA,NA,NA,NA,NA,NA,NA,NA,NA,NA,NA,NA,NA,NA,NA,NA,NA,NA,NA,NA,NA,NA,NA,NA,NA,NA,NA,NA,NA,NA,NA,NA,NA,NA,NA,NA,NA,NA,NA,NA,NA,NA,NA,NA,NA,NA
5,No,No,United States,No,Employed full-time,"Bachelor’s degree (BA, BS, B.Eng., etc.)","Computer science, computer engineering, or software engineering",100 to 499 employees,Full-stack developer,18-20 years,12-14 years,Neither satisfied nor dissatisfied,Slightly dissatisfied,Working as a founder or co-founder of my own company,"I’m not actively looking, but I am open to new opportunities",Less than a year ago,NA,NA,NA,NA,NA,NA,NA,NA,NA,NA,NA,NA,NA,NA,NA,NA,NA,NA,NA,NA,NA,NA,NA,NA,NA,NA,NA,NA,NA,NA,NA,NA,NA,A recruiter contacted me,U.S. dollars ($),NA,NA,NA,NA,NA,Three to six months,"Completed an industry certification program (e.g. MCPD);Taught yourself a new language, framework, or tool without taking a formal course","The official documentation and/or standards for the technology;A book or e-book from O’Reilly, Apress, or a similar publisher;Questions & answers on Stack Overflow;The technology’s online help system",NA,NA,Disagree,Disagree,Strongly disagree,C#;JavaScript;SQL;TypeScript;HTML;CSS;Bash/Shell,C#;JavaScript;SQL;TypeScript;HTML;CSS;Bash/Shell,"SQL Server;Microsoft Azure (Tables, CosmosDB, SQL, etc)","SQL Server;Microsoft Azure (Tables, CosmosDB, SQL, etc)",Azure,Azure,NA,Angular;.NET Core;React,Visual Studio;Visual Studio Code,Windows,2,Agile;Kanban;Scrum,Git,Multiple times per day,Yes,Yes,The ad-blocking software was causing display issues on a website,Neither agree nor disagree,Somewhat agree,Somewhat agree,Stopped going to a website because of their advertising,NA,NA,NA,NA,NA,NA,NA,"Artificial intelligence surpassing human intelligence (""the singularity"")","Artificial intelligence surpassing human intelligence (""the singularity"")",A governmental or other regulatory body,"I don't care about it, or I haven't thought about it.",No,"Yes, but only within the company",Upper management at the company/organization,Yes,10 (Very Likely),A few times per week,Yes,A few times per month or weekly,Yes,"No, I have one but it's out of date",8,Yes,Somewhat interested,Somewhat interested,Somewhat interested,Somewhat interested,Somewhat interested,Between 6:01 - 7:00 AM,9 - 12 hours,Less than 30 minutes,3 - 4 times per week,NA,I don't typically exercise,Male,Straight or heterosexual,Some college/university study without earning a degree,White or of European descent,35 - 44 years old,No,No,The survey was an appropriate length,Somewhat easy
7,Yes,No,South Africa,"Yes, part-time",Employed full-time,Some college/university study without earning a degree,"Computer science, computer engineering, or software engineering","10,000 or more employees",Data or business analyst;Desktop or enterprise applications developer;Game or graphics developer;QA or test developer;Student,6-8 years,0-2 years,Slightly satisfied,Moderately satisfied,Working in a different or more specialized technical role than the one I'm in now,"I’m not actively looking, but I am open to new opportunities",Between 1 and 2 years ago,8,5,7,1,2,6,4,3,10,9,1,10,2,4,8,3,11,7,5,9,6,2,1,4,5,3,7,3,6,2,1,4,5,My job status or other personal status changed,South African rands (R),260000,Yearly,21426,ZAR,"Office / productivity suite (Microsoft Office, Google Suite, etc.)",Three to six months,"Taken a part-time in-person course in programming or software development;Received on-the-job training in software development;Taught yourself a new language, framework, or tool without taking a formal course","The official documentation and/or standards for the technology;A book or e-book from O’Reilly, Apress, or a similar publisher;Questions & answers on Stack Overflow",NA,NA,Strongly agree,Agree,Strongly disagree,C;C++;Java;Matlab;R;SQL;Bash/Shell,Assembly;C;C++;Matlab;SQL;Bash/Shell,SQL Server;PostgreSQL;Oracle;IBM Db2,PostgreSQL;Oracle;IBM Db2,Arduino;Windows Desktop or Server,Arduino;Windows Desktop or Server,NA,NA,Notepad++;Visual Studio;Visual Studio Code,Windows,2,Evidence-based software engineering;Formal standard such as ISO 9001 or IEEE 12207 (aka “waterfall” methodologies),Zip file back-ups,Weekly or a few times per month,No,NA,NA,Somewhat agree,Somewhat agree,Somewhat disagree,Clicked on an online advertisement;Saw an online advertisement and then researched it (without clicking on the ad),2,3,4,6,1,7,5,Algorithms making important decisions,Algorithms making important decisions,The developers or the people creating the AI,I'm excited about the possibilities more than worried about the dangers.,No,"Yes, but only within the company",Upper management at the company/organization,Yes,10 (Very Likely),Daily or almost daily,Yes,Less than once per month or monthly,"No, I knew that Stack Overflow had a jobs board but have never used or visited it","No, I know what it is but I don't have one",NA,Yes,Extremely interested,Extremely interested,Extremely interested,Extremely interested,Extremely interested,Before 5:00 AM,Over 12 hours,1 - 2 hours,Never,NA,3 - 4 times per week,Male,Straight or heterosexual,Some college/university study without earning a degree,White or of European descent,18 - 24 years old,Yes,NA,The survey was an appropriate length,Somewhat easy
8,Yes,No,United Kingdom,No,Employed full-time,"Bachelor’s degree (BA, BS, B.Eng., etc.)","Computer science, computer engineering, or software engineering",10 to 19 employees,Back-end developer;Database administrator;Front-end developer;Full-stack developer,6-8 years,3-5 years,Moderately satisfied,Slightly satisfied,Working in a different or more specialized technical role than the one I'm in now,I am actively looking for a job,Between 2 and 4 years ago,8,5,4,9,1,3,6,2,10,7,1,3,4,10,9,2,6,5,11,7,8,4,2,5,1,3,2,6,7,3,1,5,4,I did not receive an expected change in compensation,British pounds sterling (£),30000,NA,41671,GBP,"Confluence;Jira;Office / productivity suite (Microsoft Office, Google Suite, etc.);Other chat system (IRC, proprietary software, etc.)",Less than a month,"Received on-the-job training in software development;Taught yourself a new language, framework, or tool without taking a formal course;Participated in online coding competitions (e.g. HackerRank, CodeChef, TopCoder)","The official documentation and/or standards for the technology;Online developer communities other than Stack Overflow (ex. forums, listservs, IRC channels, etc.)",NA,"To improve my general technical skills or programming ability;To improve my knowledge of a specific programming language, framework, or other technology;Because I find it enjoyable",Disagree,Neither Agree nor Disagree,Strongly disagree,Java;JavaScript;Python;TypeScript;HTML;CSS,C#;Go;Java;JavaScript;Python;SQL;TypeScript;HTML;CSS,MongoDB,PostgreSQL,Linux,Linux,Angular;Node.js,Node.js,IntelliJ;PyCharm;Visual Studio Code,Linux-based,2,Agile,Git,A few times per week,Yes,Yes,I wanted to support the website I was visiting by viewing their ads,Somewhat agree,Somewhat agree,Somewhat disagree,Saw an online advertisement and then researched it (without clicking on the ad);Stopped going to a website because of their advertising,1,3,4,2,7,5,6,Increasing automation of jobs,Algorithms making important decisions,A governmental or other regulatory body,I'm excited about the possibilities more than worried about the dangers.,Depends on what it is,Depends on what it is,Upper management at the company/organization,Unsure / I don't know,7,A few times per month or weekly,Yes,Less than once per month or monthly,Yes,"No, I have one but it's out of date",8,No,A little bit interested,Not at all interested,Very interested,Very interested,Extremely interested,Between 7:01 - 8:00 AM,9 - 12 hours,30 - 59 minutes,1 - 2 times per week,NA,1 - 2 times per week,Male,Straight or heterosexual,"Secondary school (e.g. American high school, German Realschule or Gymnasium, etc.)",White or of European descent,18 - 24 years old,No,NA,The survey was an appropriate length,Somewhat easy
9,Yes,Yes,United States,No,Employed full-time,Some college/university study without earning a degree,"Computer science, computer engineering, or software engineering","10,000 or more employees",Back-end developer;Front-end developer;Full-stack developer,9-11 years,0-2 years,Slightly satisfied,Moderately satisfied,Working as a founder or co-founder of my own company,"I’m not actively looking, but I am open to new opportunities",Less than a year ago,5,3,9,4,1,8,2,7,10,6,1,3,2,9,11,4,8,6,7,10,5,3,1,5,4,2,1,5,3,4,2,6,7,My job status or other personal status changed,U.S. dollars ($),120000,Yearly,120000,USD,"Confluence;Office / productivity suite (Microsoft Office, Google Suite, etc.);Stack Overflow Enterprise;Other chat system (IRC, proprietary software, etc.);Other wiki tool (Github, Google Sites, proprietary software, etc.)",Six to nine months,"Received on-the-job training in software development;Taught yourself a new language, framework, or tool without taking a formal course","The official documentation and/or standards for the technology;Questions & answers on Stack Overflow;Online developer communities other than Stack Overflow (ex. forums, listservs, IRC channels, etc.)",NA,NA,Disagree,Agree,Strongly disagree,JavaScript;HTML;CSS,C;Go;JavaScript;Python;HTML;CSS,MongoDB,NA,Linux,Linux,Node.js;React,React;TensorFlow,Atom;Visual Studio Code,MacOS,2,Agile;Scrum,Git,Multiple times per day,Yes,Yes,The ad-blocking software was causing display issues on a website,Somewhat disagree,Neither agree nor disagree,Somewhat disagree,Clicked on an online advertisement;Stopped going to a website because of their advertising,1,4,2,5,3,7,6,Algorithms making important decisions,"Artificial intelligence surpassing human intelligence (""the singularity"")",The developers or the people creating the AI,I'm excited about the possibilities more than worried about the dangers.,Depends on what it is,"Yes, but only within the company",Upper management at the company/organization,Yes,10 (Very Likely),Multiple times per day,Yes,I have never participated in Q&A on Stack Overflow,Yes,"No, I have one but it's out of date",7,No,Very interested,A little bit interested,Extremely interested,Very interested,Very interested,Between 9:01 - 10:00 AM,Over 12 hours,Less than 30 minutes,1 - 2 times per week,NA,I don't typically exercise,Male,Straight or heterosexual,"Master’s degree (MA, MS, M.Eng., MBA, etc.)",White or of European descent,18 - 24 years old,No,No,The survey was an appropriate length,Somewhat easy
10,Yes,Yes,Nigeria,No,Employed full-time,"Bachelor’s degree (BA, BS, B.Eng., etc.)","Computer science, computer engineering, or software engineering",10 to 19 employees,Designer;Front-end developer;QA or test developer,0-2 years,3-5 years,Slightly satisfied,Moderately satisfied,Working as a founder or co-founder of my own company,"I’m not actively looking, but I am open to new opportunities",Less than a year ago,6,5,4,2,7,8,10,1,9,3,1,3,5,7,6,2,11,9,4,10,8,1,3,2,4,5,2,6,1,3,7,5,4,I saw an employer’s advertisement,NA,NA,NA,NA,NA,"Facebook;Google Hangouts/Chat;Office / productivity suite (Microsoft Office, Google Suite, etc.);Slack;Trello;Other wiki tool (Github, Google Sites, proprietary software, etc.)",One to three months,"Taken an online course in programming or software development (e.g. a MOOC);Participated in a full-time developer training program or bootcamp;Received on-the-job training in software development;Participated in online coding competitions (e.g. HackerRank, CodeChef, TopCoder);Contributed to open source software",NA,Immediately after graduating,"To improve my general technical skills or programming ability;To improve my knowledge of a specific programming language, framework, or other technology;To improve my ability to work on a team with other programmers;Because I find it enjoyable",Strongly agree,Strongly disagree,Neither Agree nor Disagree,JavaScript;TypeScript;HTML;CSS,Matlab;SQL;Kotlin;Bash/Shell,"MongoDB;MySQL;Microsoft Azure (Tables, CosmosDB, SQL, etc);Google Cloud Storage",NA,Azure;Heroku,Amazon Echo;Android;Apple Watch or Apple TV;AWS;Google Cloud Platform/erick.ScriptSplitLanguagesToMultiRecord Engine;Google Home;iOS;WordPress;Firebase,Angular;Node.js,.NET Core;Django,Atom;Notepad++;Sublime Text;Visual Studio Code,Windows,1,Agile;Extreme programming (XP);Scrum,Git,Multiple times per day,Yes,No,NA,Strongly agree,Neither agree nor disagree,Strongly disagree,Saw an online advertisement and then researched it (without clicking on the ad),NA,NA,NA,NA,NA,NA,NA,"Artificial intelligence surpassing human intelligence (""the singularity"")","Evolving definitions of ""fairness"" in algorithmic versus human decisions",NA,I'm excited about the possibilities more than worried about the dangers.,Depends on what it is,"Yes, but only within the company",The developer who wrote it,Yes,10 (Very Likely),Daily or almost daily,Yes,A few times per month or weekly,"No, I knew that Stack Overflow had a jobs board but have never used or visited it","No, and I don't know what that is",NA,Yes,Very interested,Very interested,Very interested,A little bit interested,Extremely interested,I do not have a set schedule,Over 12 hours,1 - 2 hours,Daily or almost every day,NA,1 - 2 times per week,Female,NA,Primary/elementary school,Black or of African descent,25 - 34 years old,No,NA,The survey was too long,Somewhat difficult
11,Yes,Yes,United States,No,Employed full-time,Some college/university study without earning a degree,"Fine arts or performing arts (ex. graphic design, music, studio art)",100 to 499 employees,"Back-end developer;C-suite executive (CEO, CTO, etc.);Data or business analyst;Database administrator;DevOps specialist;Engineering manager;Full-stack developer;System administrator",30 or more years,21-23 years,Moderately satisfied,Moderately satisfied,Doing the same work,"I’m not actively looking, but I am open to new opportunities",Between 2 and 4 years ago,6,3,7,4,1,5,10,8,9,2,1,3,2,9,11,5,8,4,10,7,6,5,1,2,3,4,3,7,2,4,1,6,5,My job status or other personal status changed,U.S. dollars ($),250000,Yearly,250000,USD,"Confluence;HipChat;Jira;Office / productivity suite (Microsoft Office, Google Suite, etc.)",Three to six months,"Taken an online course in programming or software development (e.g. a MOOC);Taught yourself a new language, framework, or tool without taking a formal course;Participated in a hackathon;Contributed to open source software","The official documentation and/or standards for the technology;A book or e-book from O’Reilly, Apress, or a similar publisher;A college/university computer science or software engineering book;Online developer communities other than Stack Overflow (ex. forums, listservs, IRC channels, etc.);Tapping your network of friends, family, and peers versed in the technology;The technology’s online help system",NA,Because I find it enjoyable,Strongly agree,Strongly disagree,Strongly disagree,Assembly;CoffeeScript;Erlang;Go;JavaScript;Lua;Python;Ruby;SQL;HTML;CSS;Bash/Shell,Erlang;Go;Python;Rust;SQL,Redis;PostgreSQL;Amazon DynamoDB;Apache HBase;Apache Hive;Amazon Redshift;Amazon RDS/Aurora;Elasticsearch,Redis;PostgreSQL;Amazon DynamoDB;Apache Hive;Amazon RDS/Aurora;Neo4j,Amazon Echo;AWS;iOS;Linux;Mac OS;Serverless,AWS;Linux;Mac OS;Serverless,Hadoop;Node.js;React;Spark,NA,IntelliJ;PyCharm;Sublime Text;Vim,MacOS,1,Agile;Evidence-based software engineering;Extreme programming (XP);Formal standard such as ISO 9001 or IEEE 12207 (aka “waterfall” methodologies);Kanban;Lean;Pair programming;Scrum,Git,Multiple times per day,No,NA,NA,Neither agree nor disagree,Somewhat agree,Neither agree nor disagree,Clicked on an online advertisement;Saw an online advertisement and then researched it (without clicking on the ad);Stopped going to a website because of their advertising,1,3,5,4,2,7,6,Algorithms making important decisions,"Artificial intelligence surpassing human intelligence (""the singularity"")",The developers or the people creating the AI,I'm worried about the dangers more than I'm excited about the possibilities.,No,"Yes, and publicly",The person who came up with the idea,Yes,7,A few times per month or weekly,Yes,Less than once per month or monthly,Yes,Yes,7,No,Not at all interested,Not at all interested,Not at all interested,Not at all interested,Not at all interested,Between 8:01 - 9:00 AM,9 - 12 hours,Less than 30 minutes,1 - 2 times per week,Standing desk;Fatigue-relieving floor mat,I don't typically exercise,Male,Straight or heterosexual,Some college/university study without earning a degree,White or of European descent,35 - 44 years old,Yes,No,The survey was an appropriate length,Very easy
16,No,Yes,India,No,Employed full-time,"Bachelor’s degree (BA, BS, B.Eng., etc.)","Computer science, computer engineering, or software engineering",500 to 999 employees,Designer,0-2 years,NA,NA,NA,NA,NA,NA,NA,NA,NA,NA,NA,NA,NA,NA,NA,NA,NA,NA,NA,NA,NA,NA,NA,NA,NA,NA,NA,NA,NA,NA,NA,NA,NA,NA,NA,NA,NA,NA,NA,NA,NA,NA,NA,NA,NA,NA,NA,NA,NA,NA,NA,NA,NA,NA,NA,NA,NA,NA,NA,NA,NA,NA,NA,NA,NA,NA,NA,NA,NA,NA,NA,NA,NA,NA,NA,NA,NA,NA,NA,NA,NA,NA,NA,NA,NA,NA,NA,NA,NA,NA,NA,NA,NA,NA,NA,NA,NA,NA,NA,NA,NA,NA,NA,NA,NA,NA,NA,NA,NA,NA,NA,NA,NA,NA,NA,NA,NA,NA
17,Yes,No,Spain,No,Employed full-time,"Master’s degree (MA, MS, M.Eng., MBA, etc.)","Information systems, information technology, or system administration","1,000 to 4,999 employees",Back-end developer;Database administrator;Mobile developer;System administrator,6-8 years,0-2 years,Moderately dissatisfied,Moderately dissatisfied,Doing the same work,NA,NA,NA,NA,NA,NA,NA,NA,NA,NA,NA,NA,NA,NA,NA,NA,NA,NA,NA,NA,NA,NA,NA,NA,NA,NA,NA,NA,NA,NA,NA,NA,NA,NA,NA,NA,NA,NA,NA,NA,NA,NA,NA,NA,NA,NA,NA,NA,NA,NA,NA,NA,NA,NA,NA,NA,NA,NA,NA,NA,NA,NA,NA,NA,NA,NA,NA,NA,NA,NA,NA,NA,NA,NA,NA,NA,NA,NA,NA,NA,NA,NA,NA,NA,NA,NA,NA,NA,NA,NA,NA,NA,NA,NA,NA,NA,NA,NA,NA,NA,NA,NA,NA,NA,NA,NA,NA,NA,NA,NA,NA,NA,NA,NA
18,Yes,Yes,India,No,Employed full-time,"Bachelor’s degree (BA, BS, B.Eng., etc.)","Another engineering discipline (ex. civil, electrical, mechanical)",100 to 499 employees,Back-end developer;Front-end developer;Full-stack developer,0-2 years,NA,NA,NA,NA,NA,NA,NA,NA,NA,NA,NA,NA,NA,NA,NA,NA,NA,NA,NA,NA,NA,NA,NA,NA,NA,NA,NA,NA,NA,NA,NA,NA,NA,NA,NA,NA,NA,NA,NA,NA,NA,NA,NA,NA,NA,NA,NA,NA,NA,NA,NA,NA,NA,NA,NA,NA,NA,NA,NA,NA,NA,NA,NA,NA,NA,NA,NA,NA,NA,NA,NA,NA,NA,NA,NA,NA,NA,NA,NA,NA,NA,NA,NA,NA,NA,NA,NA,NA,NA,NA,7,A few times per week,Yes,NA,NA,NA,NA,NA,NA,NA,NA,NA,NA,NA,NA,NA,NA,NA,NA,NA,NA,NA,NA,NA,NA,NA,NA,NA
19,Yes,No,Croatia,NA,Employed full-time,Some college/university study without earning a degree,"Computer science, computer engineering, or software engineering",20 to 99 employees,Back-end developer;Front-end developer,0-2 years,NA,NA,NA,NA,NA,NA,NA,NA,NA,NA,NA,NA,NA,NA,NA,NA,NA,NA,NA,NA,NA,NA,NA,NA,NA,NA,NA,NA,NA,NA,NA,NA,NA,NA,NA,NA,NA,NA,NA,NA,NA,NA,NA,NA,NA,NA,NA,NA,NA,NA,NA,NA,NA,NA,NA,NA,NA,NA,NA,NA,NA,NA,NA,NA,NA,NA,NA,NA,NA,NA,NA,NA,NA,NA,NA,NA,NA,NA,NA,NA,NA,NA,NA,NA,NA,NA,NA,NA,NA,NA,10 (Very Likely),A few times per week,I'm not sure / I can't remember,NA,"No, I knew that Stack Overflow had a jobs board but have never used or visited it",NA,NA,Yes,NA,NA,NA,NA,NA,NA,NA,NA,NA,NA,NA,NA,NA,NA,NA,NA,NA,NA,NA,NA
20,No,No,India,No,Employed full-time,"Bachelor’s degree (BA, BS, B.Eng., etc.)","Another engineering discipline (ex. civil, electrical, mechanical)",20 to 99 employees,Back-end developer;Full-stack developer,3-5 years,3-5 years,Extremely satisfied,Moderately satisfied,Working as an engineering manager or other functional manager,"I’m not actively looking, but I am open to new opportunities",Less than a year ago,6,9,2,4,3,5,8,7,10,1,5,2,1,11,6,8,10,4,7,3,9,NA,NA,NA,NA,NA,NA,NA,NA,NA,NA,NA,NA,NA,NA,NA,NA,NA,NA,NA,NA,NA,NA,NA,NA,NA,NA,NA,Java,Java;Python,MongoDB;MySQL;Oracle;MariaDB;Elasticsearch,MongoDB;MySQL;Oracle;MariaDB;Apache HBase;Elasticsearch,Linux,Linux,Spring,Hadoop;Spark;Spring,Eclipse;NetBeans,Linux-based,More than 4,Agile,Git,Multiple times per day,Yes,No,NA,Strongly agree,NA,NA,Stopped going to a website because of their advertising,NA,NA,NA,NA,NA,NA,NA,Increasing automation of jobs,Algorithms making important decisions,The developers or the people creating the AI,I'm excited about the possibilities more than worried about the dangers.,Depends on what it is,"Yes, but only within the company",The developer who wrote it,Yes,10 (Very Likely),Multiple times per day,Yes,Daily or almost daily,Yes,"No, and I don't know what that is",10 (Very Likely),Yes,Somewhat interested,Extremely interested,Extremely interested,A little bit interested,Somewhat interested,Between 6:01 - 7:00 AM,5 - 8 hours,1 - 2 hours,Never,Ergonomic keyboard or mouse,I don't typically exercise,NA,NA,NA,NA,NA,NA,NA,NA,NA
21,No,No,Netherlands,"Yes, full-time",Employed full-time,"Secondary school (e.g. American high school, German Realschule or Gymnasium, etc.)",NA,20 to 99 employees,Back-end developer;Front-end developer;Student,0-2 years,0-2 years,Neither satisfied nor dissatisfied,Moderately dissatisfied,Working in a career completely unrelated to software development,"I’m not actively looking, but I am open to new opportunities",Between 2 and 4 years ago,1,9,2,10,6,3,4,5,7,8,2,3,6,11,9,8,10,4,5,7,1,5,3,2,1,4,1,2,6,7,3,4,5,My job status or other personal status changed,Euros (€),0,Monthly,0,EUR,NA,Less than a month,Received on-the-job training in software development,NA,NA,NA,Disagree,Strongly disagree,Strongly agree,Java;JavaScript;PHP;VB.NET;HTML;CSS,NA,SQL Server;MySQL,NA,Windows Desktop or Server,NA,NA,NA,Notepad++;Visual Studio,Windows,2,Agile;Scrum,Copying and pasting files to network shares,Never,No,NA,NA,Strongly agree,Somewhat agree,Neither agree nor disagree,Clicked on an online advertisement,4,5,6,2,1,7,3,"Artificial intelligence surpassing human intelligence (""the singularity"")",NA,The developers or the people creating the AI,I'm worried about the dangers more than I'm excited about the possibilities.,No,"Yes, and publicly",The person who came up with the idea,Yes,8,Daily or almost daily,Yes,Less than once per month or monthly,"No, I knew that Stack Overflow had a jobs board but have never used or visited it","No, and I don't know what that is",NA,No,Not at all interested,Not at all interested,Not at all interested,Not at all interested,Not at all interested,Between 6:01 - 7:00 AM,9 - 12 hours,1 - 2 hours,Never,NA,Daily or almost every day,Male,NA,Associate degree,White or of European descent,18 - 24 years old,No,NA,The survey was an appropriate length,Neither easy nor difficult
22,Yes,No,Israel,No,Employed full-time,"Master’s degree (MA, MS, M.Eng., MBA, etc.)","Fine arts or performing arts (ex. graphic design, music, studio art)","5,000 to 9,999 employees",Full-stack developer,3-5 years,3-5 years,Moderately dissatisfied,Extremely dissatisfied,Working in a different or more specialized technical role than the one I'm in now,"I’m not actively looking, but I am open to new opportunities",Between 2 and 4 years ago,NA,NA,NA,NA,NA,NA,NA,NA,NA,NA,NA,NA,NA,NA,NA,NA,NA,NA,NA,NA,NA,NA,NA,NA,NA,NA,NA,NA,NA,NA,NA,NA,NA,NA,NA,NA,NA,NA,NA,NA,NA,NA,NA,NA,NA,NA,NA,NA,NA,NA,NA,NA,NA,NA,NA,NA,NA,NA,NA,NA,NA,NA,NA,NA,NA,NA,NA,NA,NA,NA,NA,NA,NA,NA,NA,NA,NA,NA,NA,NA,NA,NA,NA,NA,10 (Very Likely),Multiple times per day,No,NA,"No, I knew that Stack Overflow had a jobs board but have never used or visited it",NA,NA,No,A little bit interested,A little bit interested,Not at all interested,Not at all interested,Not at all interested,Between 5:00 - 6:00 AM,9 - 12 hours,1 - 2 hours,Never,NA,3 - 4 times per week,NA,NA,NA,NA,NA,NA,NA,NA,NA
26,No,No,United States,"Yes, full-time",Employed part-time,"Bachelor’s degree (BA, BS, B.Eng., etc.)","Computer science, computer engineering, or software engineering","1,000 to 4,999 employees",Student,0-2 years,NA,NA,NA,NA,I am actively looking for a job,Less than a year ago,5,7,4,8,2,6,9,1,10,3,1,2,4,10,11,5,6,7,9,8,3,NA,NA,NA,NA,NA,NA,NA,NA,NA,NA,NA,NA,NA,NA,NA,NA,NA,NA,NA,NA,NA,NA,NA,NA,NA,NA,NA,NA,NA,NA,NA,NA,NA,NA,NA,NA,NA,NA,NA,NA,NA,NA,NA,NA,NA,NA,NA,NA,NA,NA,NA,NA,NA,NA,NA,NA,NA,NA,NA,NA,NA,NA,NA,10 (Very Likely),Daily or almost daily,Yes,I have never participated in Q&A on Stack Overflow,"No, I knew that Stack Overflow had a jobs board but have never used or visited it","No, I know what it is but I don't have one",NA,Yes,Very interested,Very interested,Very interested,Very interested,Very interested,Between 9:01 - 10:00 AM,5 - 8 hours,30 - 59 minutes,Never,Standing desk,3 - 4 times per week,NA,NA,NA,NA,NA,NA,NA,NA,NA
27,Yes,No,Sweden,No,Employed full-time,"Master’s degree (MA, MS, M.Eng., MBA, etc.)","A business discipline (ex. accounting, finance, marketing)",10 to 19 employees,Back-end developer,6-8 years,0-2 years,Moderately satisfied,Moderately satisfied,Working in a different or more specialized technical role than the one I'm in now,"I’m not actively looking, but I am open to new opportunities",Between 1 and 2 years ago,9,4,10,3,1,6,5,2,7,8,1,8,9,4,11,3,5,6,10,7,2,NA,NA,NA,NA,NA,7,6,1,5,3,4,2,A friend told me about a job opportunity,Swedish kroner (SEK),32000,Monthly,47904,SEK,Confluence;Jira,Three to six months,"Taken an online course in programming or software development (e.g. a MOOC);Taught yourself a new language, framework, or tool without taking a formal course;Participated in online coding competitions (e.g. HackerRank, CodeChef, TopCoder)","A book or e-book from O’Reilly, Apress, or a similar publisher",NA,To improve my general technical skills or programming ability,Neither Agree nor Disagree,Agree,Disagree,C#;SQL;HTML;CSS;Bash/Shell,C#;F#;Haskell;SQL;Ocaml,SQL Server,Redis;SQL Server;PostgreSQL;Elasticsearch,Linux;Windows Desktop or Server,Linux;Windows Desktop or Server,.NET Core,.NET Core,Visual Studio;Visual Studio Code,Windows,1,Agile,Git,Multiple times per day,Yes,Yes,The website I was visiting forced me to disable it to access their content,Strongly disagree,Strongly disagree,Strongly agree,NA,3,2,4,7,5,6,1,NA,NA,A governmental or other regulatory body,"I don't care about it, or I haven't thought about it.",No,"Yes, and publicly",NA,Yes,10 (Very Likely),Multiple times per day,Yes,Less than once per month or monthly,Yes,Yes,6,No,Not at all interested,Not at all interested,Not at all interested,Very interested,Somewhat interested,Between 7:01 - 8:00 AM,9 - 12 hours,30 - 59 minutes,Never,NA,3 - 4 times per week,Male,NA,"Bachelor’s degree (BA, BS, B.Eng., etc.)",White or of European descent,35 - 44 years old,Yes,NA,The survey was too long,Somewhat difficult
29,Yes,Yes,India,"Yes, full-time",Employed full-time,"Bachelor’s degree (BA, BS, B.Eng., etc.)",NA,"10,000 or more employees",Data or business analyst;Data scientist or machine learning specialist;Database administrator;DevOps specialist,0-2 years,3-5 years,Slightly satisfied,Extremely satisfied,Doing the same work,"I’m not actively looking, but I am open to new opportunities",Between 1 and 2 years ago,NA,NA,NA,NA,NA,NA,NA,NA,NA,NA,NA,NA,NA,NA,NA,NA,NA,NA,NA,NA,NA,NA,NA,NA,NA,NA,NA,NA,NA,NA,NA,NA,NA,A recruiter contacted me,NA,NA,Monthly,NA,NA,NA,NA,Contributed to open source software,NA,NA,NA,Strongly agree,Strongly agree,Strongly agree,C;C++;C#,Python;R,NA,Redis;PostgreSQL;Oracle,NA,Azure;ESP8266;Gaming console,Angular,Django,Android Studio;Coda;Xcode,Windows,More than 4,Agile,Git,Never,I'm not sure/I don't know,NA,NA,Strongly disagree,Strongly disagree,Strongly disagree,Clicked on an online advertisement;Saw an online advertisement and then researched it (without clicking on the ad);Stopped going to a website because of their advertising;Paid to access a website advertisement-free,NA,NA,NA,NA,NA,NA,NA,Increasing automation of jobs,"Evolving definitions of ""fairness"" in algorithmic versus human decisions",The developers or the people creating the AI,I'm worried about the dangers more than I'm excited about the possibilities.,No,No,The developer who wrote it,No,10 (Very Likely),Multiple times per day,I'm not sure / I can't remember,NA,Yes,NA,10 (Very Likely),I'm not sure,NA,NA,NA,NA,Extremely interested,I do not have a set schedule,9 - 12 hours,1 - 2 hours,3 - 4 times per week,Fatigue-relieving floor mat,Daily or almost every day,Female,NA,Some college/university study without earning a degree,NA,NA,NA,NA,The survey was too long,Very difficult
31,Yes,Yes,Chile,"Yes, full-time",Employed part-time,"Bachelor’s degree (BA, BS, B.Eng., etc.)","A business discipline (ex. accounting, finance, marketing)",Fewer than 10 employees,Back-end developer;Front-end developer;Full-stack developer;QA or test developer;Student,3-5 years,NA,NA,NA,NA,NA,NA,NA,NA,NA,NA,NA,NA,NA,NA,NA,NA,NA,NA,NA,NA,NA,NA,NA,NA,NA,NA,NA,NA,NA,NA,NA,NA,NA,NA,NA,NA,NA,NA,NA,NA,NA,NA,NA,NA,NA,NA,NA,NA,NA,NA,NA,NA,NA,NA,NA,NA,NA,NA,NA,NA,NA,NA,NA,NA,NA,NA,NA,NA,NA,NA,NA,NA,NA,NA,NA,NA,NA,NA,NA,NA,NA,NA,NA,NA,NA,NA,NA,NA,NA,NA,10 (Very Likely),Daily or almost daily,Yes,I have never participated in Q&A on Stack Overflow,"No, I knew that Stack Overflow had a jobs board but have never used or visited it","No, I have one but it's out of date",NA,No,NA,NA,NA,NA,NA,Between 7:01 - 8:00 AM,9 - 12 hours,30 - 59 minutes,1 - 2 times per week,Standing desk;Ergonomic keyboard or mouse,1 - 2 times per week,NA,NA,NA,NA,NA,NA,NA,NA,NA
33,Yes,Yes,Australia,No,Employed full-time,"Bachelor’s degree (BA, BS, B.Eng., etc.)","Another engineering discipline (ex. civil, electrical, mechanical)","1,000 to 4,999 employees",Database administrator;Full-stack developer;Mobile developer,15-17 years,12-14 years,Slightly satisfied,Slightly dissatisfied,Working in a different or more specialized technical role than the one I'm in now,"I’m not actively looking, but I am open to new opportunities",Between 2 and 4 years ago,7,4,10,2,1,5,3,6,9,8,3,1,6,4,5,8,9,7,2,11,10,2,1,4,3,5,7,3,4,5,2,1,6,I saw an employer’s advertisement,Australian dollars (A$),120000,Yearly,95968,AUD,"Confluence;Jira;Office / productivity suite (Microsoft Office, Google Suite, etc.);Slack",Less than a month,"Taken an online course in programming or software development (e.g. a MOOC);Taken a part-time in-person course in programming or software development;Received on-the-job training in software development;Taught yourself a new language, framework, or tool without taking a formal course;Participated in online coding competitions (e.g. HackerRank, CodeChef, TopCoder);Contributed to open source software","The official documentation and/or standards for the technology;A college/university computer science or software engineering book;Questions & answers on Stack Overflow;Online developer communities other than Stack Overflow (ex. forums, listservs, IRC channels, etc.);The technology’s online help system",NA,To improve my general technical skills or programming ability;To build my professional network;To help me find new job opportunities;Because I find it enjoyable,Agree,Neither Agree nor Disagree,Strongly disagree,C;C++;Go;Python;SQL;Swift,C;C++;Go;Python;SQL;Swift;Kotlin,Redis;PostgreSQL;SQLite,Redis;PostgreSQL;SQLite;Google BigQuery,Android;AWS;iOS;Linux;Mac OS;Firebase,Android;AWS;Google Cloud Platform/erick.ScriptSplitLanguagesToMultiRecord Engine;iOS;Linux;Mac OS;Firebase,Angular;Node.js,Angular;Node.js;TensorFlow,Android Studio;Sublime Text;Visual Studio Code;Xcode,MacOS,1,Agile;Extreme programming (XP);Formal standard such as ISO 9001 or IEEE 12207 (aka “waterfall” methodologies);Scrum,Git,Multiple times per day,Yes,Yes,The ad-blocking software was causing display issues on a website,Somewhat disagree,Neither agree nor disagree,Somewhat agree,NA,2,3,1,7,6,4,5,Increasing automation of jobs,"Artificial intelligence surpassing human intelligence (""the singularity"")",Prominent industry leaders,I'm excited about the possibilities more than worried about the dangers.,No,"Yes, but only within the company",The developer who wrote it,Yes,9,Daily or almost daily,Yes,Less than once per month or monthly,Yes,"No, I know what it is but I don't have one",6,No,A little bit interested,Not at all interested,Somewhat interested,Somewhat interested,A little bit interested,Between 6:01 - 7:00 AM,9 - 12 hours,30 - 59 minutes,Never,Ergonomic keyboard or mouse,3 - 4 times per week,Male,Straight or heterosexual,"Bachelor’s degree (BA, BS, B.Eng., etc.)",NA,35 - 44 years old,Yes,NA,The survey was too long,Neither easy nor difficult
34,Yes,No,United States,No,Employed full-time,"Bachelor’s degree (BA, BS, B.Eng., etc.)",NA,500 to 999 employees,Back-end developer;Desktop or enterprise applications developer;QA or test developer,24-26 years,24-26 years,Extremely satisfied,Moderately satisfied,Working in a different or more specialized technical role than the one I'm in now,"I’m not actively looking, but I am open to new opportunities",More than 4 years ago,3,4,6,7,1,8,5,2,9,10,2,4,1,11,7,3,8,5,9,6,10,2,1,5,4,3,2,1,3,5,4,7,6,My job status or other personal status changed,U.S. dollars ($),NA,Monthly,NA,USD,"Confluence;Jira;Office / productivity suite (Microsoft Office, Google Suite, etc.);Slack",Three to six months,"Taken an online course in programming or software development (e.g. a MOOC);Taken a part-time in-person course in programming or software development;Received on-the-job training in software development;Taught yourself a new language, framework, or tool without taking a formal course","The official documentation and/or standards for the technology;A book or e-book from O’Reilly, Apress, or a similar publisher;Questions & answers on Stack Overflow;Online developer communities other than Stack Overflow (ex. forums, listservs, IRC channels, etc.);Pre-scheduled tutoring or mentoring sessions with a friend or colleague;The technology’s online help system",NA,NA,Strongly agree,Strongly disagree,Disagree,C;C++;C#;Groovy;JavaScript;Python;SQL;HTML;CSS;Bash/Shell,C;C++;JavaScript;Python;HTML;CSS;Bash/Shell,SQL Server;MySQL;SQLite,MySQL;SQLite;Elasticsearch,Linux;Mac OS;Windows Desktop or Server,Linux;Mac OS;Windows Desktop or Server,Django,Django;Node.js,Visual Studio;Visual Studio Code,MacOS,3,Agile;Scrum,Git;Subversion,Multiple times per day,No,NA,NA,Somewhat agree,Somewhat agree,Somewhat disagree,Clicked on an online advertisement;Saw an online advertisement and then researched it (without clicking on the ad);Paid to access a website advertisement-free,1,3,2,4,7,5,6,"Artificial intelligence surpassing human intelligence (""the singularity"")",Increasing automation of jobs,The developers or the people creating the AI,I'm worried about the dangers more than I'm excited about the possibilities.,No,"Yes, but only within the company",Upper management at the company/organization,Yes,10 (Very Likely),Daily or almost daily,Yes,A few times per month or weekly,Yes,"No, I know what it is but I don't have one",7,Yes,Somewhat interested,A little bit interested,Not at all interested,Somewhat interested,Very interested,Between 6:01 - 7:00 AM,5 - 8 hours,1 - 2 hours,NA,Ergonomic keyboard or mouse,Daily or almost every day,Male,Straight or heterosexual,"Bachelor’s degree (BA, BS, B.Eng., etc.)",White or of European descent,45 - 54 years old,Yes,No,The survey was too long,Very easy
37,No,No,United Kingdom,No,Employed full-time,"Bachelor’s degree (BA, BS, B.Eng., etc.)","Computer science, computer engineering, or software engineering",20 to 99 employees,Back-end developer;Database administrator;Designer;Desktop or enterprise applications developer;Front-end developer;Full-stack developer,9-11 years,6-8 years,Slightly satisfied,Neither satisfied nor dissatisfied,Working as a product manager or project manager,I am not interested in new job opportunities,More than 4 years ago,3,9,10,6,8,7,1,2,4,5,1,9,10,5,3,11,8,2,7,6,4,NA,NA,NA,NA,NA,NA,NA,NA,NA,NA,NA,NA,A friend told me about a job opportunity,British pounds sterling (£),25,Monthly,420,GBP,"Office / productivity suite (Microsoft Office, Google Suite, etc.)",Less than a month,"Taught yourself a new language, framework, or tool without taking a formal course",Questions & answers on Stack Overflow,NA,NA,Agree,Neither Agree nor Disagree,Strongly disagree,C#;JavaScript;PHP;SQL;HTML;CSS,C#;JavaScript;PHP;SQL;HTML;CSS,MySQL,SQL Server;MySQL,Linux;Mac OS;Windows Desktop or Server,Linux;Mac OS;Windows Desktop or Server,.NET Core,.NET Core,Notepad++;Visual Studio;Visual Studio Code,Windows,2,Scrum,Copying and pasting files to network shares,Less than once per month,Yes,No,NA,Neither agree nor disagree,Neither agree nor disagree,Strongly disagree,Saw an online advertisement and then researched it (without clicking on the ad),1,6,2,3,5,4,7,Algorithms making important decisions,Algorithms making important decisions,The developers or the people creating the AI,I'm excited about the possibilities more than worried about the dangers.,No,Depends on what it is,Upper management at the company/organization,Yes,10 (Very Likely),A few times per month or weekly,Yes,Less than once per month or monthly,"No, I knew that Stack Overflow had a jobs board but have never used or visited it","No, I know what it is but I don't have one",NA,I'm not sure,Somewhat interested,Somewhat interested,Somewhat interested,Somewhat interested,Very interested,Between 7:01 - 8:00 AM,5 - 8 hours,30 - 59 minutes,Never,NA,Daily or almost every day,Male,Straight or heterosexual,"Bachelor’s degree (BA, BS, B.Eng., etc.)",White or of European descent,25 - 34 years old,No,NA,The survey was too long,Neither easy nor difficult
38,Yes,No,United States,No,Employed full-time,Some college/university study without earning a degree,NA,10 to 19 employees,Back-end developer;Database administrator;DevOps specialist;Front-end developer;Full-stack developer;QA or test developer;System administrator,18-20 years,18-20 years,Slightly dissatisfied,Slightly dissatisfied,Working in a career completely unrelated to software development,"I’m not actively looking, but I am open to new opportunities",Between 1 and 2 years ago,10,9,7,1,3,5,2,6,4,8,1,8,3,6,10,4,9,5,7,11,2,4,1,5,3,2,6,7,2,3,1,5,4,I had a negative experience or interaction at work,U.S. dollars ($),75000,Yearly,75000,USD,Google Hangouts/Chat;Jira;Slack,Less than a month,"Participated in a full-time developer training program or bootcamp;Completed an industry certification program (e.g. MCPD);Received on-the-job training in software development;Taught yourself a new language, framework, or tool without taking a formal course;Participated in a hackathon;Contributed to open source software","The official documentation and/or standards for the technology;Tapping your network of friends, family, and peers versed in the technology",I already had a full-time job as a developer when I began the program,To improve my general technical skills or programming ability;To win prizes or cash awards;Because I find it enjoyable,Strongly agree,Disagree,Neither Agree nor Disagree,JavaScript;PHP;SQL;HTML;CSS;Bash/Shell,PHP;Bash/Shell,MongoDB;MySQL;MariaDB;Amazon RDS/Aurora,MongoDB;MySQL;SQLite;MariaDB;Amazon DynamoDB;Amazon RDS/Aurora,NA,Android;Arduino;Google Home;Linux;Raspberry Pi,NA,NA,Atom;Notepad++;PHPStorm,MacOS,3,Agile;Kanban;Pair programming;Scrum,Git,Multiple times per day,No,NA,NA,Neither agree nor disagree,Neither agree nor disagree,Somewhat agree,Clicked on an online advertisement;Saw an online advertisement and then researched it (without clicking on the ad),1,7,3,2,5,4,6,"Artificial intelligence surpassing human intelligence (""the singularity"")","Artificial intelligence surpassing human intelligence (""the singularity"")",The developers or the people creating the AI,I'm excited about the possibilities more than worried about the dangers.,No,Depends on what it is,Upper management at the company/organization,Yes,10 (Very Likely),Daily or almost daily,Yes,Less than once per month or monthly,Yes,"No, and I don't know what that is",5,No,A little bit interested,Somewhat interested,A little bit interested,A little bit interested,Somewhat interested,Between 7:01 - 8:00 AM,5 - 8 hours,Less than 30 minutes,Daily or almost every day,NA,I don't typically exercise,"Female;Male;Transgender;Non-binary, genderqueer, or gender non-conforming",NA,They never completed any formal education,White or of European descent,45 - 54 years old,Yes,No,The survey was too long,Very easy
39,Yes,No,India,No,Employed full-time,"Master’s degree (MA, MS, M.Eng., MBA, etc.)","Computer science, computer engineering, or software engineering",100 to 499 employees,Mobile developer,3-5 years,3-5 years,Moderately satisfied,Moderately satisfied,Working as a founder or co-founder of my own company,"I’m not actively looking, but I am open to new opportunities",Between 1 and 2 years ago,NA,NA,NA,NA,NA,NA,NA,NA,NA,NA,NA,NA,NA,NA,NA,NA,NA,NA,NA,NA,NA,NA,NA,NA,NA,NA,NA,NA,NA,NA,NA,NA,NA,NA,Indian rupees (₹),700000,Yearly,10958,INR,"Facebook;Google Hangouts/Chat;Jira;Office / productivity suite (Microsoft Office, Google Suite, etc.);Trello",Less than a month,"Taken a part-time in-person course in programming or software development;Taught yourself a new language, framework, or tool without taking a formal course;Participated in online coding competitions (e.g. HackerRank, CodeChef, TopCoder)",NA,NA,NA,Agree,Neither Agree nor Disagree,Strongly disagree,C;C++;Java;JavaScript;SQL;Swift;Kotlin,Java;JavaScript;Swift;Kotlin,SQL Server;MySQL,MySQL,Android;iOS;Firebase,Android;iOS;Firebase,Angular;Cordova,Cordova,Android Studio;Eclipse;IntelliJ;Notepad++;Sublime Text;Visual Studio Code;Xcode,MacOS,1,Agile,Git,Multiple times per day,No,NA,NA,Somewhat agree,Strongly agree,Somewhat disagree,Clicked on an online advertisement;Saw an online advertisement and then researched it (without clicking on the ad);Stopped going to a website because of their advertising,NA,NA,NA,NA,NA,NA,NA,"Evolving definitions of ""fairness"" in algorithmic versus human decisions",Increasing automation of jobs,Prominent industry leaders,I'm excited about the possibilities more than worried about the dangers.,Yes,"Yes, but only within the company",The developer who wrote it,Yes,10 (Very Likely),Daily or almost daily,Yes,Less than once per month or monthly,Yes,"No, and I don't know what that is",10 (Very Likely),Yes,Somewhat interested,Extremely interested,Extremely interested,Very interested,Very interested,Between 6:01 - 7:00 AM,9 - 12 hours,1 - 2 hours,1 - 2 times per week,Standing desk;Ergonomic keyboard or mouse,Daily or almost every day,Female;Male,NA,NA,NA,25 - 34 years old,No,NA,The survey was too long,Very easy
41,Yes,Yes,Greece,"Yes, full-time",Employed full-time,"Master’s degree (MA, MS, M.Eng., MBA, etc.)","A natural science (ex. biology, chemistry, physics)",20 to 99 employees,Full-stack developer,9-11 years,9-11 years,Slightly dissatisfied,Slightly dissatisfied,Working in a different or more specialized technical role than the one I'm in now,"I’m not actively looking, but I am open to new opportunities",More than 4 years ago,1,7,6,10,9,4,2,3,8,5,1,10,6,4,3,9,11,7,5,8,2,NA,NA,NA,NA,NA,1,5,4,2,7,6,3,I saw an employer’s advertisement,Euros (€),3500,Monthly,51408,EUR,Facebook;Google Hangouts/Chat,Three to six months,"Taught yourself a new language, framework, or tool without taking a formal course;Contributed to open source software","The official documentation and/or standards for the technology;A book or e-book from O’Reilly, Apress, or a similar publisher;Questions & answers on Stack Overflow",NA,NA,Agree,Disagree,Neither Agree nor Disagree,Java;JavaScript;PHP;SQL;TypeScript;HTML;CSS,Python;Scala,NA,MongoDB;Elasticsearch,Android;Linux,NA,Angular;Node.js,NA,Android Studio;NetBeans;Visual Studio,Linux-based,2,Agile,Git;Subversion,Weekly or a few times per month,Yes,No,NA,Somewhat disagree,Somewhat disagree,Somewhat disagree,Stopped going to a website because of their advertising,NA,NA,NA,NA,NA,NA,NA,"Artificial intelligence surpassing human intelligence (""the singularity"")",Algorithms making important decisions,A governmental or other regulatory body,I'm excited about the possibilities more than worried about the dangers.,No,"Yes, but only within the company",Upper management at the company/organization,Yes,10 (Very Likely),Daily or almost daily,Yes,A few times per week,Yes,"No, I have one but it's out of date",9,Yes,A little bit interested,Somewhat interested,Very interested,Somewhat interested,Very interested,Between 7:01 - 8:00 AM,9 - 12 hours,1 - 2 hours,Never,Standing desk,3 - 4 times per week,Male,Straight or heterosexual,"Bachelor’s degree (BA, BS, B.Eng., etc.)",White or of European descent,35 - 44 years old,Yes,NA,The survey was too long,Very easy
43,Yes,Yes,Sweden,No,Employed full-time,"Master’s degree (MA, MS, M.Eng., MBA, etc.)","Computer science, computer engineering, or software engineering","1,000 to 4,999 employees",Front-end developer;Full-stack developer,12-14 years,12-14 years,Moderately satisfied,Slightly satisfied,Working in a different or more specialized technical role than the one I'm in now,"I’m not actively looking, but I am open to new opportunities",More than 4 years ago,6,7,10,4,2,5,3,1,9,8,1,4,8,5,11,7,6,9,2,10,3,5,3,4,2,1,7,3,1,4,5,6,2,I saw an employer’s advertisement,Swedish kroner (SEK),582000,Yearly,72611,SEK,Confluence;Facebook;Google Hangouts/Chat;Slack,One to three months,"Taught yourself a new language, framework, or tool without taking a formal course;Participated in online coding competitions (e.g. HackerRank, CodeChef, TopCoder);Participated in a hackathon;Contributed to open source software",The official documentation and/or standards for the technology,NA,Because I find it enjoyable,Agree,Disagree,Disagree,C#;Java;JavaScript;PHP;SQL;HTML;CSS,JavaScript;HTML;CSS,Memcached;Google BigQuery,Memcached;Google BigQuery,NA,NA,Node.js;React,React,Visual Studio Code,MacOS,2,Agile;Scrum,Git,Multiple times per day,Yes,Yes,The website I was visiting forced me to disable it to access their content;The ad-blocking software was causing display issues on a website,Somewhat agree,Strongly agree,Somewhat disagree,Saw an online advertisement and then researched it (without clicking on the ad);Stopped going to a website because of their advertising,NA,NA,NA,NA,NA,NA,NA,"Evolving definitions of ""fairness"" in algorithmic versus human decisions",Increasing automation of jobs,A governmental or other regulatory body,I'm worried about the dangers more than I'm excited about the possibilities.,No,"Yes, but only within the company",Upper management at the company/organization,Yes,10 (Very Likely),A few times per week,Yes,Less than once per month or monthly,Yes,Yes,5,No,Somewhat interested,A little bit interested,A little bit interested,Very interested,Somewhat interested,Between 7:01 - 8:00 AM,5 - 8 hours,1 - 2 hours,1 - 2 times per week,Standing desk,1 - 2 times per week,Male,Straight or heterosexual,"Secondary school (e.g. American high school, German Realschule or Gymnasium, etc.)",Hispanic or Latino/Latina;White or of European descent,25 - 34 years old,Yes,NA,The survey was an appropriate length,Somewhat easy
44,No,No,United States,No,Employed full-time,"Bachelor’s degree (BA, BS, B.Eng., etc.)","A social science (ex. anthropology, psychology, political science)",100 to 499 employees,Back-end developer;Full-stack developer,3-5 years,0-2 years,Moderately satisfied,Moderately satisfied,Working in a different or more specialized technical role than the one I'm in now,I am not interested in new job opportunities,Between 2 and 4 years ago,7,10,8,1,4,5,2,3,6,9,1,5,3,9,10,2,7,8,11,6,4,NA,NA,NA,NA,NA,NA,NA,NA,NA,NA,NA,NA,A recruiter contacted me,U.S. dollars ($),75000,Monthly,9e+05,USD,"Slack;Other chat system (IRC, proprietary software, etc.)",Less than a month,"Taken an online course in programming or software development (e.g. a MOOC);Participated in a full-time developer training program or bootcamp;Taught yourself a new language, framework, or tool without taking a formal course","The official documentation and/or standards for the technology;Online developer communities other than Stack Overflow (ex. forums, listservs, IRC channels, etc.)",Immediately after graduating,NA,Strongly agree,Agree,Strongly disagree,C#;JavaScript;SQL;HTML;CSS,C#;Java;JavaScript;Ruby;TypeScript;HTML;CSS,"SQL Server;Microsoft Azure (Tables, CosmosDB, SQL, etc)","SQL Server;SQLite;Microsoft Azure (Tables, CosmosDB, SQL, etc)",Azure,Arduino;Azure;Raspberry Pi,NA,Angular;.NET Core;Node.js;React;Xamarin,Notepad++;Visual Studio;Visual Studio Code,Windows,2,Agile;Formal standard such as ISO 9001 or IEEE 12207 (aka “waterfall” methodologies);Scrum,Team Foundation Version Control,A few times per week,Yes,Yes,The website I was visiting forced me to disable it to access their content;The ad-blocking software was causing display issues on a website;The website I was visiting asked me to disable it;I wanted to support the website I was visiting by viewing their ads,Somewhat agree,Somewhat disagree,Strongly disagree,Saw an online advertisement and then researched it (without clicking on the ad);Stopped going to a website because of their advertising,3,1,2,7,6,5,4,Increasing automation of jobs,NA,Prominent industry leaders,I'm worried about the dangers more than I'm excited about the possibilities.,Depends on what it is,Depends on what it is,The person who came up with the idea,Unsure / I don't know,10 (Very Likely),Daily or almost daily,Yes,Less than once per month or monthly,Yes,"No, I know what it is but I don't have one",1,Yes,Somewhat interested,Very interested,Not at all interested,Not at all interested,Somewhat interested,Between 7:01 - 8:00 AM,5 - 8 hours,30 - 59 minutes,1 - 2 times per week,Standing desk,I don't typically exercise,Male,Straight or heterosexual,"Master’s degree (MA, MS, M.Eng., MBA, etc.)",White or of European descent,25 - 34 years old,No,No,The survey was too long,Very easy
45,Yes,Yes,United States,No,Employed full-time,"Bachelor’s degree (BA, BS, B.Eng., etc.)","Computer science, computer engineering, or software engineering","10,000 or more employees",Back-end developer;Data scientist or machine learning specialist;Desktop or enterprise applications developer;Front-end developer;Full-stack developer,6-8 years,3-5 years,Extremely satisfied,Extremely satisfied,Doing the same work,I am not interested in new job opportunities,Between 1 and 2 years ago,2,1,5,7,3,4,10,6,9,8,1,10,3,6,2,4,11,9,5,8,7,NA,NA,NA,NA,NA,NA,NA,NA,NA,NA,NA,NA,NA,NA,NA,NA,NA,NA,NA,NA,NA,NA,NA,NA,NA,NA,NA,NA,NA,NA,NA,NA,NA,NA,NA,NA,NA,NA,NA,NA,NA,NA,NA,NA,NA,NA,NA,NA,NA,NA,NA,NA,NA,NA,NA,NA,NA,NA,NA,NA,NA,NA,NA,NA,NA,NA,NA,NA,NA,NA,NA,NA,NA,NA,NA,NA,NA,NA,NA,NA,NA,NA,NA,NA,NA,NA,NA,NA,NA,NA,NA
46,Yes,Yes,United Kingdom,No,Employed full-time,"Bachelor’s degree (BA, BS, B.Eng., etc.)","Information systems, information technology, or system administration",Fewer than 10 employees,Back-end developer;Front-end developer;Full-stack developer;Mobile developer,9-11 years,6-8 years,Neither satisfied nor dissatisfied,Neither satisfied nor dissatisfied,Doing the same work,"I’m not actively looking, but I am open to new opportunities",Between 2 and 4 years ago,NA,NA,NA,NA,NA,NA,NA,NA,NA,NA,NA,NA,NA,NA,NA,NA,NA,NA,NA,NA,NA,NA,NA,NA,NA,NA,NA,NA,NA,NA,NA,NA,NA,A recruiter contacted me,British pounds sterling (£),NA,NA,NA,NA,"Jira;Other chat system (IRC, proprietary software, etc.);Other wiki tool (Github, Google Sites, proprietary software, etc.)",One to three months,"Taken an online course in programming or software development (e.g. a MOOC);Participated in a full-time developer training program or bootcamp;Taught yourself a new language, framework, or tool without taking a formal course;Participated in a hackathon;Contributed to open source software",The technology’s online help system,I already had a full-time job as a developer when I began the program,Because I find it enjoyable,Disagree,Neither Agree nor Disagree,Neither Agree nor Disagree,C#;Java;JavaScript;PHP;TypeScript;HTML;CSS,C#;Java;JavaScript;PHP;TypeScript;HTML;CSS,MySQL;Google Cloud Storage,NA,Amazon Echo;Mac OS;WordPress;Firebase,Firebase,Angular;React,Angular;React;TensorFlow,NA,MacOS,2,NA,Git,Multiple times per day,Yes,No,NA,Neither agree nor disagree,Neither agree nor disagree,Strongly agree,NA,NA,NA,NA,NA,NA,NA,NA,NA,NA,Nobody,"I don't care about it, or I haven't thought about it.",Yes,No,The developer who wrote it,No,5,A few times per month or weekly,Yes,Less than once per month or monthly,"No, I didn't know that Stack Overflow had a jobs board","No, and I don't know what that is",NA,I'm not sure,Extremely interested,Somewhat interested,Somewhat interested,Very interested,Somewhat interested,Between 5:00 - 6:00 AM,9 - 12 hours,30 - 59 minutes,1 - 2 times per week,NA,I don't typically exercise,NA,NA,"Master’s degree (MA, MS, M.Eng., MBA, etc.)","Black or of African descent;East Asian;Hispanic or Latino/Latina;Middle Eastern;Native American, Pacific Islander, or Indigenous Australian;South Asian;White or of European descent",35 - 44 years old,Yes,NA,The survey was too long,Neither easy nor difficult
